Workbook

Sheet Regras
A1: NAVISWORKS – APPEARANCE PROFILER / SETS RULE TEMPLATE
A2: SET NAME (n) | B2: CWP | C2: GRUPO DE SETS | D2: IWP / SET ITEM | E2: TRANSPARÊNCIA (0-100) | F2: OCULTO | G2: STATUS / LABEL | H2: COR (NOME) | I2: R | J2: G | K2: B
A3: KS-N103101-221-M-MT-CWP-004-IWP-001 | B3: KS-N103101-221-M-MT-CWP-004 | C3: IWP | D3: KS-N103101-221-M-MT-CWP-004-IWP-001 | E3: 0 | F3: FALSE | G3: Montagem Concluída | H3: ="RGB("&I3&","&J3&","&K3&")" -> RGB(0,126,122) | I3: =_xlfn.XLOOKUP($G3,'Paleta de Cores'!$G:$G,'Paleta de Cores'!B:B,"") -> 0 | J3: =_xlfn.XLOOKUP($G3,'Paleta de Cores'!$G:$G,'Paleta de Cores'!C:C,"") -> 126 | K3: =_xlfn.XLOOKUP($G3,'Paleta de Cores'!$G:$G,'Paleta de Cores'!D:D,"") -> 122
A4: KS-N103101-221-M-MT-CWP-004-IWP-002 | B4: KS-N103101-221-M-MT-CWP-004 | C4: IWP | D4: KS-N103101-221-M-MT-CWP-004-IWP-002 | E4: 0 | F4: FALSE | G4: Montagem Concluída | H4: ="RGB("&I4&","&J4&","&K4&")" -> RGB(0,126,122) | I4: =_xlfn.XLOOKUP($G4,'Paleta de Cores'!$G:$G,'Paleta de Cores'!B:B,"") -> 0 | J4: =_xlfn.XLOOKUP($G4,'Paleta de Cores'!$G:$G,'Paleta de Cores'!C:C,"") -> 126 | K4: =_xlfn.XLOOKUP($G4,'Paleta de Cores'!$G:$G,'Paleta de Cores'!D:D,"") -> 122
A5: KS-N103101-221-M-MT-CWP-032-IWP-001 | B5: KS-N103101-221-M-MT-CWP-032 | C5: IWP | D5: KS-N103101-221-M-MT-CWP-032-IWP-001 | E5: 0 | F5: FALSE | G5: Montagem Concluída | H5: ="RGB("&I5&","&J5&","&K5&")" -> RGB(0,126,122) | I5: =_xlfn.XLOOKUP($G5,'Paleta de Cores'!$G:$G,'Paleta de Cores'!B:B,"") -> 0 | J5: =_xlfn.XLOOKUP($G5,'Paleta de Cores'!$G:$G,'Paleta de Cores'!C:C,"") -> 126 | K5: =_xlfn.XLOOKUP($G5,'Paleta de Cores'!$G:$G,'Paleta de Cores'!D:D,"") -> 122
A6: KS-N103101-221-M-MT-CWP-032-IWP-002 | B6: KS-N103101-221-M-MT-CWP-032 | C6: IWP | D6: KS-N103101-221-M-MT-CWP-032-IWP-002 | E6: 0 | F6: FALSE | G6: Montagem Concluída | H6: ="RGB("&I6&","&J6&","&K6&")" -> RGB(0,126,122) | I6: =_xlfn.XLOOKUP($G6,'Paleta de Cores'!$G:$G,'Paleta de Cores'!B:B,"") -> 0 | J6: =_xlfn.XLOOKUP($G6,'Paleta de Cores'!$G:$G,'Paleta de Cores'!C:C,"") -> 126 | K6: =_xlfn.XLOOKUP($G6,'Paleta de Cores'!$G:$G,'Paleta de Cores'!D:D,"") -> 122
A7: KS-N103101-221-M-MT-CWP-046-IWP-001 | B7: KS-N103101-221-M-MT-CWP-046 | C7: IWP | D7: KS-N103101-221-M-MT-CWP-046-IWP-001 | E7: 0 | F7: FALSE | G7: Montagem Concluída | H7: ="RGB("&I7&","&J7&","&K7&")" -> RGB(0,126,122) | I7: =_xlfn.XLOOKUP($G7,'Paleta de Cores'!$G:$G,'Paleta de Cores'!B:B,"") -> 0 | J7: =_xlfn.XLOOKUP($G7,'Paleta de Cores'!$G:$G,'Paleta de Cores'!C:C,"") -> 126 | K7: =_xlfn.XLOOKUP($G7,'Paleta de Cores'!$G:$G,'Paleta de Cores'!D:D,"") -> 122
A8: KS-N103101-221-M-MT-CWP-046-IWP-002 | B8: KS-N103101-221-M-MT-CWP-046 | C8: IWP | D8: KS-N103101-221-M-MT-CWP-046-IWP-002 | E8: 0 | F8: FALSE | G8: Montagem Concluída | H8: ="RGB("&I8&","&J8&","&K8&")" -> RGB(0,126,122) | I8: =_xlfn.XLOOKUP($G8,'Paleta de Cores'!$G:$G,'Paleta de Cores'!B:B,"") -> 0 | J8: =_xlfn.XLOOKUP($G8,'Paleta de Cores'!$G:$G,'Paleta de Cores'!C:C,"") -> 126 | K8: =_xlfn.XLOOKUP($G8,'Paleta de Cores'!$G:$G,'Paleta de Cores'!D:D,"") -> 122
A9: KS-N103101-221-M-MT-CWP-058-IWP-001 | B9: KS-N103101-221-M-MT-CWP-058 | C9: IWP | D9: KS-N103101-221-M-MT-CWP-058-IWP-001 | E9: 0 | F9: FALSE | G9: Montagem Concluída | H9: ="RGB("&I9&","&J9&","&K9&")" -> RGB(0,126,122) | I9: =_xlfn.XLOOKUP($G9,'Paleta de Cores'!$G:$G,'Paleta de Cores'!B:B,"") -> 0 | J9: =_xlfn.XLOOKUP($G9,'Paleta de Cores'!$G:$G,'Paleta de Cores'!C:C,"") -> 126 | K9: =_xlfn.XLOOKUP($G9,'Paleta de Cores'!$G:$G,'Paleta de Cores'!D:D,"") -> 122
A10: KS-N103101-221-M-MT-CWP-058-IWP-002 | B10: KS-N103101-221-M-MT-CWP-058 | C10: IWP | D10: KS-N103101-221-M-MT-CWP-058-IWP-002 | E10: 0 | F10: FALSE | G10: Montagem Concluída | H10: ="RGB("&I10&","&J10&","&K10&")" -> RGB(0,126,122) | I10: =_xlfn.XLOOKUP($G10,'Paleta de Cores'!$G:$G,'Paleta de Cores'!B:B,"") -> 0 | J10: =_xlfn.XLOOKUP($G10,'Paleta de Cores'!$G:$G,'Paleta de Cores'!C:C,"") -> 126 | K10: =_xlfn.XLOOKUP($G10,'Paleta de Cores'!$G:$G,'Paleta de Cores'!D:D,"") -> 122
A11: KS-N103101-221-M-MT-CWP-049-IWP-001 | B11: KS-N103101-221-M-MT-CWP-049 | C11: IWP | D11: KS-N103101-221-M-MT-CWP-049-IWP-001 | E11: 0 | F11: FALSE | G11: Montagem Concluída | H11: ="RGB("&I11&","&J11&","&K11&")" -> RGB(0,126,122) | I11: =_xlfn.XLOOKUP($G11,'Paleta de Cores'!$G:$G,'Paleta de Cores'!B:B,"") -> 0 | J11: =_xlfn.XLOOKUP($G11,'Paleta de Cores'!$G:$G,'Paleta de Cores'!C:C,"") -> 126 | K11: =_xlfn.XLOOKUP($G11,'Paleta de Cores'!$G:$G,'Paleta de Cores'!D:D,"") -> 122
A12: KS-N103101-221-M-MT-CWP-049-IWP-002 | B12: KS-N103101-221-M-MT-CWP-049 | C12: IWP | D12: KS-N103101-221-M-MT-CWP-049-IWP-002 | E12: 0 | F12: FALSE | G12: Montagem Concluída | H12: ="RGB("&I12&","&J12&","&K12&")" -> RGB(0,126,122) | I12: =_xlfn.XLOOKUP($G12,'Paleta de Cores'!$G:$G,'Paleta de Cores'!B:B,"") -> 0 | J12: =_xlfn.XLOOKUP($G12,'Paleta de Cores'!$G:$G,'Paleta de Cores'!C:C,"") -> 126 | K12: =_xlfn.XLOOKUP($G12,'Paleta de Cores'!$G:$G,'Paleta de Cores'!D:D,"") -> 122
A13: KS-N103101-221-M-MT-CWP-049-IWP-003 | B13: KS-N103101-221-M-MT-CWP-049 | C13: IWP | D13: KS-N103101-221-M-MT-CWP-049-IWP-003 | E13: 0 | F13: FALSE | G13: Montagem Concluída | H13: ="RGB("&I13&","&J13&","&K13&")" -> RGB(0,126,122) | I13: =_xlfn.XLOOKUP($G13,'Paleta de Cores'!$G:$G,'Paleta de Cores'!B:B,"") -> 0 | J13: =_xlfn.XLOOKUP($G13,'Paleta de Cores'!$G:$G,'Paleta de Cores'!C:C,"") -> 126 | K13: =_xlfn.XLOOKUP($G13,'Paleta de Cores'!$G:$G,'Paleta de Cores'!D:D,"") -> 122
A14: KS-N103101-221-M-MT-CWP-037-IWP-001 | B14: KS-N103101-221-M-MT-CWP-037 | C14: IWP | D14: KS-N103101-221-M-MT-CWP-037-IWP-001 | E14: 0 | F14: FALSE | G14: Montagem Concluída | H14: ="RGB("&I14&","&J14&","&K14&")" -> RGB(0,126,122) | I14: =_xlfn.XLOOKUP($G14,'Paleta de Cores'!$G:$G,'Paleta de Cores'!B:B,"") -> 0 | J14: =_xlfn.XLOOKUP($G14,'Paleta de Cores'!$G:$G,'Paleta de Cores'!C:C,"") -> 126 | K14: =_xlfn.XLOOKUP($G14,'Paleta de Cores'!$G:$G,'Paleta de Cores'!D:D,"") -> 122
... A31: KS-N103101-221-M-MT-CWP-007-001a | B31: KS-N103101-221-M-MT-CWP-007 | C31: IWP | D31: KS-N103101-221-M-MT-CWP-007-001a | E31: 0 | F31: FALSE | G31: Em Acabamento | H31: ="RGB("&I31&","&J31&","&K31&")" -> RGB(0,255,64) | I31: =_xlfn.XLOOKUP($G31,'Paleta de Cores'!$G:$G,'Paleta de Cores'!B:B,"") -> 0 | J31: =_xlfn.XLOOKUP($G31,'Paleta de Cores'!$G:$G,'Paleta de Cores'!C:C,"") -> 255 | K31: =_xlfn.XLOOKUP($G31,'Paleta de Cores'!$G:$G,'Paleta de Cores'!D:D,"") -> 64

Sheet Paleta de Cores
A1: NOME | B1: R | C1: G | D1: B | E1: HEX | F1: PREVIEW | G1: Uso típico
A2: Teal (Montado) | B2: 0 | C2: 126 | D2: 122 | E2: 007E7A | G2: Montagem Concluída
A3: Green (Em Execução) | B3: 0 | C3: 255 | D3: 64 | E3: 00FF40 | G3: Em Acabamento
A4: Red (Pendente) | B4: 255 | C4: 0 | D4: 0 | E4: FF0000 | G4: Pendente/Bloqueado
A5: Orange (Alerta) | B5: 255 | C5: 165 | D5: 0 | E5: FFA500 | G5: Em revisão
A6: Blue (Planejado) | B6: 0 | C6: 112 | D6: 192 | E6: 0070C0 | G6: Pré-Montagem Concluída
A7: Yellow (Atenção) | B7: 255 | C7: 255 | D7: 0 | E7: FFFF00 | G7: Em Montagem
A8: Purple | B8: 112 | C8: 48 | D8: 160 | E8: 7030A0
A9: Gray (Inativo) | B9: 128 | C9: 128 | D9: 128 | E9: 808080 | G9: Não iniciado
A10: White | B10: 255 | C10: 255 | D10: 255 | E10: FFFFFF
A11: Black | B11: 0 | C11: 0 | D11: 0 | E11: 000000
A12: Cyan | B12: 0 | C12: 176 | D12: 240 | E12: 00B0F0 | G12: Em Pré-Montagem
A13: Lime | B13: 92 | C13: 230 | D13: 0 | E13: 5CE600
A14: Pink | B14: 255 | C14: 102 | D14: 153 | E14: FF6699
